Workbook

Sheet Sessions
A1: ID | B1: Date | C1: Programme | D1: Notes
A2: 1 | B2: 46041 | C2: Jocko I1
A3: 2 | B3: 46042 | C3: Jocko I1
A4: 3 | B4: 46043 | C4: Jocko I1
A5: 4 | B5: 46044 | C5: Jocko I1
A6: 5 | B6: 46045 | C6: Jocko I1
A7: 6 | B7: 46084 | C7: Starting Strength P1: Wk1
A8: 7 | B8: 46086 | C8: Starting Strength P1: Wk1
A9: 8 | B9: 46088 | C9: Starting Strength P1: Wk1
A10: 9 | B10: 46089
A11: 10 | B11: 46090 | C11: Starting Strength P1: Wk2
A12: 11 | B12: 46092 | C12: Starting Strength P1: Wk2
A13: 12 | B13: 46094 | C13: Starting Strength P1: Wk2
A14: 13 | B14: 46097 | C14: Starting Strength P2: W1 | D14: Wk1: Shoulder/elbow rehab
A15: 14 | B15: 46098
A16: 15 | B16: 46099 | C16: Starting Strength P2: W1
A17: 16 | B17: 46100
A18: 17 | B18: 46101 | C18: Starting Strength P2: W1
A19: 18 | B19: 46102
A20: 19 | B20: 46103
A21: 20 | B21: 46104 | C21: Starting Strength P2: Wk2 | D21: Wk2: Shoulder/elbow rehab
A22: 21 | B22: 46105
A23: 22 | B23: 46106 | C23: Starting Strength P2: Wk2
A24: 23 | B24: 46107
A25: 24 | B25: 46108 | C25: Starting Strength P2: Wk2
A26: 25 | B26: 46109
A27: 26 | B27: 46110
A28: 27 | B28: 46111 | C28: Starting Strength P2: Wk3 | D28: Wk3: Shoulder/elbow rehab
A29: 28 | B29: 46112
A30: 29 | B30: 46113 | C30: Starting Strength P2: Wk3
A31: 30 | B31: 46114
A32: 31 | B32: 46115 | C32: Starting Strength P2: Wk3
A33: 32 | B33: 46116
A34: 33 | B34: 46118 | C34: Starting Strength P2: Wk4 | D34: Wk4: Shoulder/elbow rehab
A35: 34 | B35: 46119
A36: 35 | B36: 46120 | C36: Starting Strength P2: Wk4
A37: 36 | B37: 46121
A38: 37 | B38: 46122 | C38: Starting Strength P2: Wk4
A39: 38 | B39: 46121
A40: 39 | B40: 46125 | C40: Starting Strength P2: Wk5 | D40: Wk5: Shoulder/elbow rehab
A41: 40 | B41: 46126 | C41: Pull-up max test
A42: 41 | B42: 46127
A43: 42 | B43: 46121
A44: 43 | B44: 46129
A45: 44 | B45: 46130
A46: 45 | B46: 46132 | C46: Starting Strength P2: Wk6 | D46: Wk6: Shoulder/elbow rehab
A47: 46 | B47: 46133
A48: 47 | B48: 46135
A49: 48 | B49: 46136
A50: 49 | B50: 46137
A51: 50 | B51: 46138
A52: 51 | B52: 46133 | C52: Starting Strength P2: Wk7 | D52: Wk7: Shoulder/elbow rehab
A53: 52 | B53: 46140
A54: 53 | B54: 46141
A55: 54 | B55: 46142
A56: 55 | B56: 46140
A57: 56 | B57: 46146 | C57: Starting Strength P2: Wk8 | D57: Wk8: Shoulder/elbow rehab
A58: 57 | B58: 46147
A59: 58 | B59: 46148
A60: 59 | B60: 46149
A61: 60 | B61: 46150
A62: 61 | B62: 46151
A63: 62 | B63: 46153 | C63: Starting Strength P2: Wk9 | D63: Wk9: Shoulder/elbow rehab
A64: 63 | B64: 46154
A65: 64 | B65: 46155
A66: 65 | B66: 46157
A67: 66 | B67: 46160 | C67: Starting Strength P2: Wk10 | D67: Wk10: Shoulder/elbow rehab; BJJ: Week 1: Establish the Patterns
A68: 67 | B68: 46161
A69: 68 | B69: 46162
A70: 69 | B70: 46163
A71: 70 | B71: 46164
A72: 71 | B72: 46166
A73: 72 | B73: 46167 | C73: Pull-up program | D73: Wk11: Shoulder/elbow rehab
A74: 73 | B74: 46168 | C74: Starting Strength P2: Wk11
A75: 74 | B75: 46169 | C75: Pull-up program
A76: 75 | B76: 46170 | C76: Starting Strength P2: Wk11
A77: 76 | B77: 46172 | C77: Pull-up program
A78: 77 | B78: 46173 | C78: Starting Strength P2: Wk11
A79: 78 | B79: 46174 | C79: Pull-up program | D79: Wk12: Shoulder/elbow rehab; BJJ: Week 2: Connect Escapes to Guard
A80: 79 | B80: 46175 | C80: Starting Strength P2: Wk12::S1
A81: 80 | B81: 46176 | C81: Pull-up program
A82: =A81+1 -> 81 | B82: =B81+1 -> 46177 | C82: Starting Strength P2: Wk12::S2
A83: =A82+1 -> 82 | B83: 46179 | C83: Pull-up program
A84: =A83+1 -> 83 | B84: =B83+1 -> 46180 | C84: Starting Strength P2: Wk12::S3
A85: =A84+1 -> 84 | B85: =B84+1 -> 46181 | C85: Pull-up program
A86: =A85+1 -> 85 | B86: =B85+1 -> 46182 | C86: Starting Strength P2: Wk13::S1 | D86: BJJ: Week 2: Connect Escapes to Guard (repeat)

Sheet Sets
A1: Set ID | B1: Session ID | C1: Exercise | D1: Set # | E1: Reps | F1: Weight (kg) | G1: Weight Note | H1: Duration (min) | I1: Distance (m) | J1: Speed (km/h) | K1: Rest (min) | L1: Ladder? | M1: Ladder Step | N1: Notes
A2: 1 | B2: 1 | C2: The Russian Fighter Pull-Up Program | D2: 1 | E2: 5 | L2: Yes | M2: 1 | N2: PB
A3: 2 | B3: 1 | C3: The Russian Fighter Pull-Up Program | D3: 2 | E3: 4 | L3: Yes | M3: 2
A4: 3 | B4: 1 | C4: The Russian Fighter Pull-Up Program | D4: 3 | E4: 3 | L4: Yes | M4: 3
A5: 4 | B5: 1 | C5: The Russian Fighter Pull-Up Program | D5: 4 | E5: 2 | L5: Yes | M5: 4
A6: 5 | B6: 1 | C6: The Russian Fighter Pull-Up Program | D6: 5 | E6: 1 | L6: Yes | M6: 5
A7: 6 | B7: 1 | C7: Body weight row | D7: 1 | E7: 10
A8: 7 | B8: 1 | C8: Body weight row | D8: 2 | E8: 10
A9: 8 | B9: 1 | C9: Body weight row | D9: 3 | E9: 10
A10: 9 | B10: 1 | C10: Hang clean | D10: 1 | E10: 6 | F10: 40 | K10: 1
A11: 10 | B11: 1 | C11: Hang clean | D11: 1 | E11: 6
A12: 11 | B12: 1 | C12: Hang clean | D12: 1 | E12: 6
A13: 12 | B13: 1 | C13: Hang clean | D13: 1 | E13: 6
A14: 13 | B14: 1 | C14: Hang clean | D14: 1 | E14: 6
A15: 14 | B15: 1 | C15: Hang clean | D15: 1 | E15: 6
A16: 15 | B16: 1 | C16: Straigh-bar reverse curls/curls | D16: 1 | E16: 9 | G16: bodyweight+10 | K16: 1 | N16: reps_col2:9
A17: 16 | B17: 1 | C17: Straigh-bar reverse curls/curls | D17: 1 | E17: 9 | N17: reps_col2:9
A18: 17 | B18: 1 | C18: Straigh-bar reverse curls/curls | D18: 1 | E18: 9 | N18: reps_col2:9
A19: 18 | B19: 1 | C19: Straigh-bar reverse curls/curls | D19: 1 | E19: 9 | N19: reps_col2:9
A20: 19 | B20: 1 | C20: Straigh-bar reverse curls/curls | D20: 1 | E20: 9 | N20: reps_col2:9
A21: 20 | B21: 1 | C21: Hollow | D21: 1 | E21: 1
A22: 21 | B22: 1 | C22: Leg raises | D22: 1 | E22: 52
A23: 22 | B23: 1 | C23: Run | D23: 1 | E23: 2
A24: 23 | B24: 1 | C24: Run | D24: 2 | H24: 0
A25: 24 | B25: 2 | C25: The Russian Fighter Pull-Up Program | D25: 1 | E25: 5 | L25: Yes | M25: 1
A26: 25 | B26: 2 | C26: The Russian Fighter Pull-Up Program | D26: 2 | E26: 4 | L26: Yes | M26: 2
A27: 26 | B27: 2 | C27: The Russian Fighter Pull-Up Program | D27: 3 | E27: 3 | L27: Yes | M27: 3
A28: 27 | B28: 2 | C28: The Russian Fighter Pull-Up Program | D28: 4 | E28: 2 | L28: Yes | M28: 4
A29: 28 | B29: 2 | C29: The Russian Fighter Pull-Up Program | D29: 5 | E29: 2 | L29: Yes | M29: 5
A30: 29 | B30: 2 | C30: Dips/push-ups | D30: 1 | E30: 11 | H30: 30 | K30: 2 | N30: reps_col2:11
A31: 30 | B31: 2 | C31: Dips/push-ups | D31: 1 | E31: 11 | N31: reps_col2:11
A32: 31 | B32: 2 | C32: Dips/push-ups | D32: 1 | E32: 11 | N32: reps_col2:11
A33: 32 | B33: 2 | C33: Dips/push-ups | D33: 1 | E33: 11 | N33: reps_col2:11
A34: 33 | B34: 2 | C34: Dips/push-ups | D34: 1 | E34: 11 | N34: reps_col2:11
A35: 34 | B35: 2 | C35: Dips/push-ups | D35: 1 | E35: 11 | N35: reps_col2:11
A36: 35 | B36: 2 | C36: Dips/push-ups | D36: 1 | E36: 11 | N36: reps_col2:11
A37: 36 | B37: 2 | C37: Dips/push-ups | D37: 1 | E37: 11 | N37: reps_col2:11
A38: 37 | B38: 2 | C38: Kettlebell snatch | D38: 1 | E38: 40 | F38: 8 | H38: 5
A39: 38 | B39: 2 | C39: V-ups | D39: 1 | E39: 30 | H39: 2
A40: 39 | B40: 2 | C40: Burpees | D40: 1 | E40: 31 | H40: 3
A41: 40 | B41: 3 | C41: The Russian Fighter Pull-Up Program | D41: 1 | E41: 5 | L41: Yes | M41: 1
A42: 41 | B42: 3 | C42: The Russian Fighter Pull-Up Program | D42: 2 | E42: 4 | L42: Yes | M42: 2
A43: 42 | B43: 3 | C43: The Russian Fighter Pull-Up Program | D43: 3 | E43: 3 | L43: Yes | M43: 3
A44: 43 | B44: 3 | C44: The Russian Fighter Pull-Up Program | D44: 4 | E44: 3 | L44: Yes | M44: 4
A45: 44 | B45: 3 | C45: The Russian Fighter Pull-Up Program | D45: 5 | E45: 2 | L45: Yes | M45: 5
A46: 45 | B46: 4 | C46: The Russian Fighter Pull-Up Program | D46: 1 | E46: 5 | L46: Yes | M46: 1
A47: 46 | B47: 4 | C47: The Russian Fighter Pull-Up Program | D47: 2 | E47: 4 | L47: Yes | M47: 2
A48: 47 | B48: 4 | C48: The Russian Fighter Pull-Up Program | D48: 3 | E48: 4 | L48: Yes | M48: 3
A49: 48 | B49: 4 | C49: The Russian Fighter Pull-Up Program | D49: 4 | E49: 3 | L49: Yes | M49: 4
A50: 49 | B50: 4 | C50: The Russian Fighter Pull-Up Program | D50: 5 | E50: 2 | L50: Yes | M50: 5
A51: 50 | B51: 4 | C51: Deadlift | D51: 1 | E51: 8 | F51: 60 | H51: 30 | K51: 2
A52: 51 | B52: 4 | C52: Deadlift | D52: 1 | E52: 6 | F52: 80
A53: 52 | B53: 4 | C53: Deadlift | D53: 1 | E53: 5 | F53: 110
A54: 53 | B54: 4 | C54: Deadlift | D54: 1 | E54: 5 | F54: 110
A55: 54 | B55: 4 | C55: Deadlift | D55: 1 | E55: 5 | F55: 110
A56: 55 | B56: 4 | C56: Deadlift | D56: 1 | E56: 5 | F56: 110
A57: 56 | B57: 4 | C57: Deadlift | D57: 1 | E57: 5 | F57: 110
A58: 57 | B58: 4 | C58: Deadlift | D58: 1 | E58: 5 | F58: 110
A59: 58 | B59: 4 | C59: Handstand drills | D59: 1 | E59: 1 | K59: 1
A60: 59 | B60: 4 | C60: Handstand drills | D60: 1 | E60: 1
A61: 60 | B61: 4 | C61: Handstand drills | D61: 1 | E61: 1
A62: 61 | B62: 4 | C62: Handstand drills | D62: 1 | E62: 1
A63: 62 | B63: 4 | C63: Handstand drills | D63: 1 | E63: 1
A64: 63 | B64: 4 | C64: Handstand drills | D64: 1 | E64: 1
A65: 64 | B65: 4 | C65: Handstand drills | D65: 1 | E65: 1
A66: 65 | B66: 4 | C66: Handstand drills | D66: 1 | E66: 4
A67: 66 | B67: 4 | C67: Press | D67: 1 | E67: 8 | F67: 40 | H67: 15
A68: 67 | B68: 4 | C68: Press | D68: 1 | E68: 8
A69: 68 | B69: 4 | C69: Press | D69: 1 | E69: 8
A70: 69 | B70: 4 | C70: Press | D70: 1 | E70: 6
A71: 70 | B71: 4 | C71: Press | D71: 1 | E71: 6
A72: 71 | B72: 4 | C72: Knees to elbows | D72: 1 | F72: 0 | H72: 5 | K72: 1 | N72: 4x10; 4x10
A73: 72 | B73: 4 | C73: Run | D73: 1 | E73: 0 | H73: 12.62 | I73: 2400 | J73: 11.6 | N73: 400 rest, 400 sprint
A74: 73 | B74: 5 | C74: The Russian Fighter Pull-Up Program | D74: 1 | E74: 5 | L74: Yes | M74: 1 | N74: PB
A75: 74 | B75: 5 | C75: The Russian Fighter Pull-Up Program | D75: 2 | E75: 5 | L75: Yes | M75: 2
A76: 75 | B76: 5 | C76: The Russian Fighter Pull-Up Program | D76: 3 | E76: 3 | L76: Yes | M76: 3
A77: 76 | B77: 5 | C77: The Russian Fighter Pull-Up Program | D77: 4 | E77: 2 | L77: Yes | M77: 4
A78: 77 | B78: 5 | C78: The Russian Fighter Pull-Up Program | D78: 5 | E78: 1 | L78: Yes | M78: 5
A79: 78 | B79: 5 | C79: Squat | D79: 1 | E79: 50 | F79: 60 | H79: 30 | N79: 20,20,10
A80: 79 | B80: 5 | C80: Overhead squat | D80: 1 | E80: 50 | F80: 50 | N80: 35,15
A81: 80 | B81: 5 | C81: Jump squat | D81: 1 | E81: 50 | F81: 50 | N81: 30,20
A82: 81 | B82: 5 | C82: Hollow | D82: 1 | E82: 1 | F82: 0 | H82: 1.5
A83: 82 | B83: 5 | C83: Run | D83: 1 | E83: 0 | H83: 0 | I83: 3000 | J83: 0
A84: 83 | B84: 6 | C84: Negative pull-ups | D84: 1 | E84: 8 | H84: 0.17
A85: 84 | B85: 6 | C85: Squat | D85: 1 | E85: 5 | F85: 50
A86: 85 | B86: 6 | C86: Squat | D86: 2 | E86: 5 | F86: 50
A87: 86 | B87: 6 | C87: Squat | D87: 3 | E87: 5 | F87: 50
A88: 87 | B88: 6 | C88: Bench Press | D88: 1 | E88: 5 | F88: 50
A89: 88 | B89: 6 | C89: Bench Press | D89: 2 | E89: 5 | F89: 50
A90: 89 | B90: 6 | C90: Bench Press | D90: 3 | E90: 5 | F90: 50
A91: 90 | B91: 6 | C91: Deadlift | D91: 1 | E91: 5 | F91: 60
A92: 91 | B92: 7 | C92: Negative pull-ups | D92: 1 | E92: 5 | H92: 0.25
A93: 92 | B93: 7 | C93: Squat | D93: 1 | E93: 5 | F93: 55
A94: 93 | B94: 7 | C94: Squat | D94: 2 | E94: 5 | F94: 55
A95: 94 | B95: 7 | C95: Squat | D95: 3 | E95: 5 | F95: 55
A96: 95 | B96: 7 | C96: Press | D96: 1 | E96: 5 | F96: 30
A97: 96 | B97: 7 | C97: Press | D97: 2 | E97: 5 | F97: 30
A98: 97 | B98: 7 | C98: Press | D98: 3 | E98: 5 | F98: 30
A99: 98 | B99: 7 | C99: Deadlift | D99: 1 | E99: 5 | F99: 70
A100: 99 | B100: 8 | C100: Negative pull-ups | D100: 1 | E100: 5 | H100: 0.25
...

Sheet Body_Composition
A1: Date | B1: Bodyweight (kg) | C1: Body Fat (%)
A2: 46169 | B2: 77.5 | C2: 17.9
A3: 46172 | B3: 80.8 | C3: 14.7
A4: 46174 | B4: 80.1 | C4: 14.3
A5: 46176 | B5: 80.7 | C5: 14.5
A6: 46178 | B6: 80.7 | C6: 15
A7: 46179 | B7: 80.1 | C7: 15.3
A8: 46180 | B8: 80.8 | C8: 14.8
A9: 46181 | B9: 81.4 | C9: 13.7

Sheet Exercises
A1: ID | B1: Name | C1: Category | D1: Equipment | E1: Notes
A2: 1 | B2: Australian pull-ups | C2: pull | D2: bodyweight
A3: =A2+1 -> 2 | B3: Bench Press | C3: compound | D3: barbell
A4: =A3+1 -> 3 | B4: Body weight row | C4: pull | D4: bodyweight
A5: =A4+1 -> 4 | B5: Burpees | C5: conditioning | D5: bodyweight
A6: =A5+1 -> 5 | B6: Deadlift | C6: compound | D6: barbell
A7: =A6+1 -> 6 | B7: Dips/push-ups | C7: push | D7: bodyweight
A8: =A7+1 -> 7 | B8: Get-up | C8: kettlebell | D8: kettlebell
A9: =A8+1 -> 8 | B9: Handstand drills | C9: skill | D9: bodyweight
A10: =A9+1 -> 9 | B10: Hang clean | C10: olympic | D10: barbell
A11: =A10+1 -> 10 | B11: Hollow | C11: core | D11: bodyweight
A12: =A11+1 -> 11 | B12: Jump squat | C12: compound | D12: bodyweight
A13: =A12+1 -> 12 | B13: Kettlebell snatch | C13: kettlebell | D13: kettlebell
A14: =A13+1 -> 13 | B14: Knees to elbows | C14: core | D14: bodyweight
... A25: =A24+1 -> 24 | B25: V-ups | C25: core | D25: bodyweight

Sheet Ladder_View
A1: Date | B1: Session ID | C1: Total Reps | D1: Step 1 | E1: Step 2 | F1: Step 3 | G1: Step 4 | H1: Step 5
A2: 46041 | B2: 1 | C2: 15 | D2: 5 | E2: 4 | F2: 3 | G2: 2 | H2: 1
A3: 46042 | B3: 2 | C3: 16 | D3: 5 | E3: 4 | F3: 3 | G3: 2 | H3: 2
A4: 46043 | B4: 3 | C4: 17 | D4: 5 | E4: 4 | F4: 3 | G4: 3 | H4: 2
A5: 46044 | B5: 4 | C5: 18 | D5: 5 | E5: 4 | F5: 4 | G5: 3 | H5: 2
A6: 46045 | B6: 5 | C6: 16 | D6: 5 | E6: 5 | F6: 3 | G6: 2 | H6: 1
A7: 46092 | B7: 11 | C7: 15 | D7: 5 | E7: 4 | F7: 3 | G7: 2 | H7: 1
A8: 46094 | B8: 12 | C8: 15 | D8: 5 | E8: 4 | F8: 3 | G8: 2 | H8: 1
A9: 46097 | B9: 13 | C9: 15 | D9: 5 | E9: 4 | F9: 3 | G9: 2 | H9: 1
A10: 46098 | B10: 14 | C10: 16 | D10: 5 | E10: 4 | F10: 3 | G10: 2 | H10: 2
A11: 46099 | B11: 15 | C11: 17 | D11: 5 | E11: 4 | F11: 3 | G11: 3 | H11: 2
A12: 46100 | B12: 16 | C12: 18 | D12: 5 | E12: 4 | F12: 4 | G12: 3 | H12: 2
A13: 46101 | B13: 17 | C13: 19 | D13: 5 | E13: 5 | F13: 4 | G13: 3 | H13: 2
... A32: 46121 | B32: 38 | C32: 39 | D32: 9 | E32: 9 | F32: 8 | G32: 7 | H32: 6
